Model,R²,MAE,RMSE,MAPE (%)
XGBoost,0.9839220809883972,0.055823554412034536,0.10940030325017167,7.246381785160766
Random Forest,0.9734160757841165,0.05963906220248649,0.14067377844269277,7.7343954716680745
Ridge Regression,0.9137709171498481,0.15149655213387464,0.25335558999485064,21.718484973723612
